<?xml version='1.0' encoding='UTF-8'?>
<!DOCTYPE hibernate-configuration PUBLIC
          "-//Hibernate/Hibernate Configuration DTD 3.0//EN"
          "http://hibernate.sourceforge.net/hibernate-configuration-3.0.dtd">

<!-- Generated by MyEclipse Hibernate Tools. -->
<hibernate-configuration>

	<session-factory>
		<property name="dialect">org.hibernate.dialect.MySQLDialect</property>
		<property name="connection.driver_class">com.mysql.jdbc.Driver</property>
		<property name="connection.url">jdbc:mysql://rds-cms.cmd44whavxtl.us-west-2.rds.amazonaws.com:3306/cms</property>
		<property name="connection.username">shravan</property>
		<property name="connection.password">Madras99</property>
		<property name="show_sql">true</property>
		<property name="format_sql">true</property>
		<mapping resource="/user.hbm.xml" />
	</session-factory>

</hibernate-configuration>